순번,이름,휴대전화,이메일,학과
0001,김갑일,010-1040-0001,dsa001@dgu.edu,경제학과
0002,김갑이,010-1040-0002,dsa002@dgu.edu,경제학과
0003,김갑삼,010-1040-0003,dsa003@dgu.edu,경제학과
0004,김갑산,010-1040-0004,dsa004@dgu.edu,경제학과
0005,김갑오,010-1040-0005,dsa005@dgu.edu,경제학과
0006,김갑유,010-1040-0006,dsa006@dgu.edu,경영정보학과
0007,김갑칠,010-1040-0007,dsa007@dgu.edu,경영정보학과
0008,김갑파,010-1040-0008,dsa008@dgu.edu,경영정보학과
0009,김갑구,010-1040-0009,dsa009@dgu.edu,경영정보학과
0010,김갑백,010-1040-0010,dsa010@dgu.edu,경영정보학과
0011,나일동,010-1040-0011,dsa011@dgu.edu,통계학과
0012,나이동,010-1040-0012,dsa012@dgu.edu,통계학과
0013,나삼동,010-1040-0013,dsa013@dgu.edu,통계학과
0014,나산동,010-1040-0014,dsa014@dgu.edu,통계학과
0015,나오동,010-1040-0015,dsa015@dgu.edu,통계학과
0016,나유동,010-1040-0016,dsa016@dgu.edu,산업시스템학과
0017,나칠동,010-1040-0017,dsa017@dgu.edu,산업시스템학과
0018,나파동,010-1040-0018,dsa018@dgu.edu,산업시스템학과
0019,나구동,010-1040-0019,dsa019@dgu.edu,산업시스템학과
0020,나백동,010-1040-0020,dsa020@dgu.edu,산업시스템학과
0021,마일순,010-1040-0021,dsa021@dgu.edu,생명과학과
0022,마이순,010-1040-0022,dsa022@dgu.edu,생명과학과
0023,마삼순,010-1040-0023,dsa023@dgu.edu,생명과학과
0024,마산순,010-1040-0024,dsa024@dgu.edu,생명과학과
0025,마오순,010-1040-0025,dsa025@dgu.edu,생명과학과
0026,마유순,010-1040-0026,dsa026@dgu.edu,건설환경공학과
0027,마칠순,010-1040-0027,dsa027@dgu.edu,건설환경공학과
0028,마파순,010-1040-0028,dsa028@dgu.edu,건설환경공학과
0029,마구순,010-1040-0029,dsa029@dgu.edu,건설환경공학과
0030,마백순,010-1040-0030,dsa030@dgu.edu,건설환경공학과
0031,사일석,010-1040-0031,dsa031@dgu.edu,사학과
0032,사이석,010-1040-0032,dsa032@dgu.edu,사학과
0033,사삼석,010-1040-0033,dsa033@dgu.edu,사학과
0034,사산석,010-1040-0034,dsa034@dgu.edu,사학과
0035,사오석,010-1040-0035,dsa035@dgu.edu,사학과
0036,사유석,010-1040-0036,dsa036@dgu.edu,지능공학전공
0037,사칠석,010-1040-0037,dsa037@dgu.edu,지능공학전공
0038,사파석,010-1040-0038,dsa038@dgu.edu,지능공학전공
0039,사구석,010-1040-0039,dsa039@dgu.edu,지능공학전공
0040,사백석,010-1040-0040,dsa040@dgu.edu,지능공학전공
0041,이일명,010-1040-0041,dsa041@dgu.edu,영화영상학과
0042,이이명,010-1040-0042,dsa042@dgu.edu,영화영상학과
0043,이삼명,010-1040-0043,dsa043@dgu.edu,영화영상학과
0044,이산명,010-1040-0044,dsa044@dgu.edu,영화영상학과
0045,이오명,010-1040-0045,dsa045@dgu.edu,영화영상학과
0046,이유명,010-1040-0046,dsa046@dgu.edu,전자전기공학부
0047,이칠명,010-1040-0047,dsa047@dgu.edu,전자전기공학부
0048,이파명,010-1040-0048,dsa048@dgu.edu,전자전기공학부
0049,이구명,010-1040-0049,dsa049@dgu.edu,전자전기공학부
0050,이백명,010-1040-0050,dsa050@dgu.edu,전자전기공학부
0051,지명일,010-1040-0051,dsa051@dgu.edu,경제학과
0052,지명이,010-1040-0052,dsa052@dgu.edu,경제학과
0053,지명삼,010-1040-0053,dsa053@dgu.edu,경제학과
0054,지명산,010-1040-0054,dsa054@dgu.edu,경제학과
0055,지명오,010-1040-0055,dsa055@dgu.edu,경제학과
0056,지명유,010-1040-0056,dsa056@dgu.edu,경영정보학과
0057,지명칠,010-1040-0057,dsa057@dgu.edu,경영정보학과
0058,지명파,010-1040-0058,dsa058@dgu.edu,경영정보학과
0059,지명구,010-1040-0059,dsa059@dgu.edu,경영정보학과
0060,지명백,010-1040-0060,dsa060@dgu.edu,경영정보학과
0061,백일철,010-1040-0061,dsa061@dgu.edu,통계학과
0062,백이철,010-1040-0062,dsa062@dgu.edu,통계학과
0063,백삼철,010-1040-0063,dsa063@dgu.edu,통계학과
0064,백산철,010-1040-0064,dsa064@dgu.edu,통계학과
0065,백오철,010-1040-0065,dsa065@dgu.edu,통계학과
0066,백유철,010-1040-0066,dsa066@dgu.edu,산업시스템학과
0067,백칠철,010-1040-0067,dsa067@dgu.edu,산업시스템학과
0068,백파철,010-1040-0068,dsa068@dgu.edu,산업시스템학과
0069,백구철,010-1040-0069,dsa069@dgu.edu,산업시스템학과
0070,백백철,010-1040-0070,dsa070@dgu.edu,산업시스템학과
0071,백11철,010-1040-0071,dsa071@dgu.edu,생명과학과
0072,차순일,010-1040-0072,dsa072@dgu.edu,생명과학과
0073,차순이,010-1040-0073,dsa073@dgu.edu,생명과학과
0074,차순삼,010-1040-0074,dsa074@dgu.edu,생명과학과
0075,차순산,010-1040-0075,dsa075@dgu.edu,생명과학과
0076,차순오,010-1040-0076,dsa076@dgu.edu,건설환경공학과
0077,차순유,010-1040-0077,dsa077@dgu.edu,건설환경공학과
0078,차순칠,010-1040-0078,dsa078@dgu.edu,건설환경공학과
0079,차순파,010-1040-0079,dsa079@dgu.edu,건설환경공학과
0080,차순구,010-1040-0080,dsa080@dgu.edu,건설환경공학과
0081,허일호,010-1040-0081,dsa081@dgu.edu,사학과
0082,허이호,010-1040-0082,dsa082@dgu.edu,사학과
0083,허삼호,010-1040-0083,dsa083@dgu.edu,사학과
0084,허산호,010-1040-0084,dsa084@dgu.edu,사학과
0085,허오호,010-1040-0085,dsa085@dgu.edu,사학과
0086,허유호,010-1040-0086,dsa086@dgu.edu,지능공학전공
0087,허칠호,010-1040-0087,dsa087@dgu.edu,지능공학전공
0088,허파호,010-1040-0088,dsa088@dgu.edu,지능공학전공
0089,허구호,010-1040-0089,dsa089@dgu.edu,지능공학전공
0090,허백호,010-1040-0090,dsa090@dgu.edu,지능공학전공
0091,장일숙,010-1040-0091,dsa091@dgu.edu,영화영상학과
0092,장이숙,010-1040-0092,dsa092@dgu.edu,영화영상학과
0093,장삼숙,010-1040-0093,dsa093@dgu.edu,영화영상학과
0094,장산숙,010-1040-0094,dsa094@dgu.edu,영화영상학과
0095,장오숙,010-1040-0095,dsa095@dgu.edu,영화영상학과
0096,장유숙,010-1040-0096,dsa096@dgu.edu,전자전기공학부
0097,장칠숙,010-1040-0097,dsa097@dgu.edu,전자전기공학부
0098,장파숙,010-1040-0098,dsa098@dgu.edu,전자전기공학부
0099,장구숙,010-1040-0099,dsa099@dgu.edu,전자전기공학부
0100,장백숙,010-1040-0100,dsa100@dgu.edu,전자전기공학부
